elevation_deg,PPV_no_diversity,PPV_fixed_diversity,PPV_adaptive_diversity,no_interleaver,interleaver,fixed,adaptive
20.0,8.296463e-01,2.546667e-01,2.010452e-01,8.386667e-01,6.723333e-01,5.783333e-01,4.496667e-01
30.0,7.620648e-01,1.593333e-01,1.266691e-01,7.416667e-01,4.626667e-01,3.120000e-01,2.240000e-01
40.0,6.432358e-01,1.096667e-01,8.655035e-02,6.476667e-01,3.403333e-01,1.646667e-01,1.283333e-01
50.0,5.214774e-01,7.866667e-02,6.265429e-02,5.496667e-01,2.713333e-01,1.013333e-01,8.733333e-02
60.0,3.993920e-01,4.833333e-02,3.870008e-02,4.386667e-01,1.860000e-01,5.766667e-02,5.066667e-02
70.0,2.926941e-01,3.600000e-02,2.887848e-02,3.543333e-01,1.330000e-01,3.900000e-02,3.700000e-02
80.0,2.170198e-01,1.566667e-02,1.257267e-02,2.676667e-01,7.766667e-02,1.700000e-02,1.600000e-02
90.0,1.475466e-01,9.333333e-03,7.501051e-03,1.976667e-01,5.033333e-02,1.066667e-02,9.333333e-03
