P_total_dBW,PPV_no_diversity,PPV_fixed_diversity,PPV_adaptive_diversity,no_interleaver,interleaver,fixed,adaptive
-6.00,9.349487e-01,9.207901e-01,8.029290e-01,1.000000e+00,1.000000e+00,1.000000e+00,1.000000e+00
-3.00,6.550256e-01,5.858631e-01,5.108726e-01,1.000000e+00,1.000000e+00,1.000000e+00,1.000000e+00
0.00,3.738691e-01,2.696988e-01,2.351773e-01,9.740000e-01,9.780000e-01,9.820000e-01,9.700000e-01
3.00,2.269017e-01,1.045502e-01,9.116780e-02,8.600000e-01,8.020000e-01,7.840000e-01,7.520000e-01
6.00,1.885236e-01,5.813989e-02,5.069799e-02,6.980000e-01,5.280000e-01,4.300000e-01,3.980000e-01
9.00,1.815336e-01,5.800675e-02,5.058188e-02,5.520000e-01,3.220000e-01,2.180000e-01,1.900000e-01
12.00,1.509261e-01,4.200000e-02,3.662400e-02,3.720000e-01,1.740000e-01,9.200000e-02,8.800000e-02
15.00,1.138419e-01,3.800000e-02,3.313600e-02,2.200000e-01,9.200000e-02,6.200000e-02,5.600000e-02
