elevation_deg,PPV_no_diversity,PPV_fixed_diversity,PPV_adaptive_diversity,no_interleaver,interleaver,fixed,adaptive
20.0,4.196071e-01,2.647480e-01,2.308603e-01,9.680000e-01,9.540000e-01,9.520000e-01,9.140000e-01
43.3,2.264761e-01,7.829693e-02,6.827493e-02,7.220000e-01,4.920000e-01,3.820000e-01,3.180000e-01
66.7,1.490657e-01,3.600000e-02,3.139200e-02,4.340000e-01,1.880000e-01,1.100000e-01,9.000000e-02
90.0,7.859892e-02,2.000011e-03,1.744010e-03,2.660000e-01,8.600000e-02,3.000000e-02,2.000000e-02
